URL,title,author,album
https://music.163.com/song?id=25480736,Arioso (Adagio in G) from Cantata BWV 156 (Arr. Lloyd Webber),Julian Lloyd Webber,Baroque Adagios
https://music.163.com/song?id=1648647,Una Mattina,Ludovico Einaudi,Intouchables (La Bande Originale du Film)
https://music.163.com/song?id=32139848,Senbonzakura [SS-Extended+Bass],Lindsey Stirling,Shatter Me (Deluxe Version)
https://music.163.com/song?id=1070865,Lament,Adam Hurst,Elegy
https://music.163.com/song?id=566220804,"The Four Seasons. Four Concertos for Violin and String Orchestra (Le Quattro Stagioni), Op. 8, Concerto No. 3 in F major L07 Autunno. II. Adagio molto",Antonio Vivaldi,Vivaldi : Le Quattro stagioni
https://music.163.com/song?id=441359,"Departures -memory- (From ""Departures"" Soundtrack)",久石j,Departures (Original Motion Picture Soundtrack)
https://music.163.com/song?id=1003873,Jag har hort om en stad ovan malnen,Iver Kleive,Til Trost
https://music.163.com/song?id=27876662,Silent Night,The Piano Guys,A Family Christmas
https://music.163.com/song?id=17249900,Attention,Monroe Products,Einstein's Dream
https://music.163.com/song?id=1060910,"Nocturne No. 1 in B Flat Minor, Op. 9, No. 1",Arthur Rubinstein,The Chopin Collection: The Nocturnes
https://music.163.com/song?id=16261392,Romanza (Trad),Aage Kvalbein,Spanske Mirakler - En Reise I Vin Og Musikk
https://music.163.com/song?id=1049192,Prelude C Act I (Carmen),André Rieu,The 100 Most Beautiful Melodies (6 CD Box Set)
https://music.163.com/song?id=1903584367,"24 Préludes, Op. 28:No. 4 in E Minor",Maria Joao Pires,Classical December with Chopin
https://music.163.com/song?id=2909239,"Su le sponde del Tebro, chamber cantata for soprano, 2 violins, trumpet & continuo: Sinfonia",Kathleen Battle,Baroque Duet
https://music.163.com/song?id=32098927,Meditation de l'opera ''Thais'' (Massenet),Total Touch,Lacrima Cristi
https://music.163.com/song?id=1380690290,Rain,Brian Crain,Piano and Violin Duet (Bonus Track Version)
https://music.163.com/song?id=401585046,"String Quartet in F minor, HIII No.35, Op.20 No.5:1. Moderato",Aeolian String Quartet,Haydn: The Complete String Quartets
https://music.163.com/song?id=422073748,"Violin Concerto in D, Op. 77:II. Adagio",Jascha Heifetz,Brahms & Tchaikovsky: Violin Concertos
https://music.163.com/song?id=5264829,The Magnificent Seven,Elmer Bernstein,惠威试音碟3
https://music.163.com/song?id=29844130,June Barcarolle Op.37 No.6,Vladimir Ashkenazy,POWER OF PIANO Steinway & Sons and Pianists
https://music.163.com/song?id=28908586,"Radetzky Marsch, Op. 228",Wiener Philharmoniker,100 Best Wiener Philharmoniker
https://music.163.com/song?id=25830134,摇篮曲,Johannes Brahms,世界著名交响乐团演奏的古典音乐系列之二 世界著名婚礼音乐
https://music.163.com/song?id=1501634,"Suite No. 1, BWV 1007, In G:Gigue",Janos Starker,Bach: Suites for Solo Cello
https://music.163.com/song?id=2283006,Forest Hymn,Bill Douglas,A Place Called Morning
https://music.163.com/song?id=5266270,幽默曲,Antonín Dvo00ák,心灵四季 山
https://music.163.com/song?id=16261380,Adagio Fra Concerto Di Aranjuez. Gitarkonsert Sats 2,Aage Kvalbein,Spanske Mirakler - En Reise I Vin Og Musikk
https://music.163.com/song?id=3025353,Song of the Caged Bird,Lindsey Stirling,Lindsey Stomp - EP
https://music.163.com/song?id=25640838,"Grande Valse Brillante op. 18, No. 1 in E flat Major",郎朗,The Chopin Album
https://music.163.com/song?id=470793902,Not Alone,07lafur Arnalds,Broadchurch - The Final Chapter (Music From The Original TV Series)
https://music.163.com/song?id=1213304,Symphony No.5 In C Minor Op.67:1. Allegro con brio,Wiener Philharmoniker,Beethoven: Symphonies Nos.5 & 7
https://music.163.com/song?id=25042953,"Canon and Gigue in D Major, P. 37:I. Canon",Taverner Consort & Players,The Best of Baroque
https://music.163.com/song?id=35445814,"Piano Concerto No.27 in B flat, K.595:1. Allegro",内田光子,Mozart: Piano Concertos Nos.20 & 27
https://music.163.com/song?id=1698603,"Cello Suite No. 1 in G Major, BWV 1007:I. Prélude",马友友,"Bach: Cello Suites Nos. 1, 5 & 6"
https://music.163.com/song?id=22336125,Oblivion,John Lenehan,Essential Cello
https://music.163.com/song?id=36190692,"Valse oubliée No.2, S.215/2",Franz Liszt,"Liszt: The Complete Music for Solo Piano, Vol.1 - Waltzes"
https://music.163.com/song?id=27227411,Injected With A Poison (MNO Power Mix).,Praga Khan,Rave 'Til Dawn (Techno's Finest)
https://music.163.com/song?id=464738864,"Sinfonia concertante in E-Flat Major, K. 364:Andante",Albert Sammons,MOZART: Sinfonia Concertante / ELGAR: Violin Sonata (Sammons) (1926-1935)
https://music.163.com/song?id=997889,Waltz No. 2 from Jazz Suite No. 2,Alexandre Desplat,The Luzhin Defence (Original Film Soundtrack)
https://music.163.com/song?id=5168414,"Schwanengesang, D.957:St01ndchen",Arthur Grumiaux,Ultimate Violin Classics: The Essential Masterpieces
https://music.163.com/song?id=28357886,"Concerto No. 4 in F minor, Op. 8, RV 297, ""L'inverno"" (Winter): II. Largo",Anne Akiko Meyers,The Four Seasons: The Vivaldi Album
https://music.163.com/song?id=461601181,ドヴォルザ`ク:交曲第9番《新世界より》 第1S章,佐渡 裕,ドヴォルザ`ク:交曲第9番《新世界より》
https://music.163.com/song?id=18579414,Serenade,Joshua Bell,Romance of the Violin
https://music.163.com/song?id=406347384,'Hallelujah' (from 'Messiah'),Georg Friedrich H01ndel,The Top 100 Masterpieces of Classical Music
https://music.163.com/song?id=441351,"Ave Maria -Departures (From ""Departures"" Soundtrack)",久石j,Departures (Original Motion Picture Soundtrack)
https://music.163.com/song?id=20952127,Fly,Ludovico Einaudi,Divenire
https://music.163.com/song?id=25729684,"Piano Sonata No.8 In C Minor, Op.13 -""Pathétique"":3. Rondo (Allegro)",Wilhelm Kempff,"Beethoven: Piano Sonatas Nos. 8, 14, 21 & 23"
https://music.163.com/song?id=27256783,"Xerxes, HWV 40:Largo (''Ombra mai fu'')",Shigeo Genda,The 99 Most Essential Pieces of Classical Music
https://music.163.com/song?id=2323584,Griselda: Agitata da Due Venti,Cecilia Bartoli,Live in Italy
https://music.163.com/song?id=502455500,Piano Concerto No.1 in E minor Op.11:1. Allegro maestoso,Claudio Arrau,Ultimate Piano Concertos
https://music.163.com/song?id=1003876,Air,Aage Kvalbein,Til Trost
https://music.163.com/song?id=2852191,"Concerto for 2 Violins, Strings, and Continuo in D minor, BWV 1043:1. Vivace",Julia Fischer, Bach: Violin Concertos
https://music.163.com/song?id=19039256,Sancta Maria,Katherine Jenkins,Rejoice
https://music.163.com/song?id=16261380,Adagio Fra Concerto Di Aranjuez. Gitarkonsert Sats 2,Aage Kvalbein,Spanske Mirakler - En Reise I Vin Og Musikk
https://music.163.com/song?id=1834551,Recuerdos de la Alhambra,Pepe Romero,Guitar Hits With Passion
https://music.163.com/song?id=22006156,"Piano Concerto No.23 in A, K.488:2. Adagio",Vladimir Horowitz,Horowitz: Complete Recordings on Deutsche Grammophon
https://music.163.com/song?id=1773378,"Suite No.3 In D, BWV 1068 (Arr. For Violoncello And Piano By Mischa Maisky):Air (Largo)",Mischa Maisky,Cellissimo
https://music.163.com/song?id=1345131241,Looking Back,Laurence Ipsum,Night
https://music.163.com/song?id=1342670,La Boutique Fantasque - Tarantella,Ernest Ansermet,The Royal Ballet
https://music.163.com/song?id=17168871,"Horn Concerto No. 1 in D Major, K.412 (1997 - Remaster):I. Allegro",Dennis Brain,Mozart: Horn Concertos Nos. 1-4; Quintet K452
https://music.163.com/song?id=4064255,A Minute For The End,Endless Melancholy,"Before, After"
https://music.163.com/song?id=22483836,Radetzky March Op. 228 (2005 Digital Remaster),Herbert von Karajan,100 Best Karajan
https://music.163.com/song?id=1901432485,III. Allegro vivo (Scherzo),Francesco Senese,Gabriel Fauré: Complete Works for Violin and Piano
https://music.163.com/song?id=38679216,"Sonata for Cello and Piano No. 1 in F Major, Op. 5 No. 1:Allegro",秦立巍,贝多芬大提琴奏鸣曲全集
https://music.163.com/song?id=5216500,"A Midsummer Night's Dream, Incidental Music, Op.61, MWV M 13:No.9 Wedding March",Orchestre Symphonique de Montréal,40 Famous Marches
https://music.163.com/song?id=27698852,Love Theme I,梅林茂,The Grandmaster (Original Score)
https://music.163.com/song?id=1294322,"Auf dem Wasser zu singen, Op.72, D.774 - Auf dem Wasser zu singen, Op.72, D.774",Daniel Hope,The Romantic Violinist - A Celebration of Joseph Joachim
https://music.163.com/song?id=1340441059,Ellen's Third Song “Ave Maria”,Piano 101,"101 Musique piano: Musique classique relaxante, détente et méditation"
https://music.163.com/song?id=465370912,"Violin Concerto in C Major, Hob.VIIa:1:II. Adagio",Augustin Hadelich,"HAYDN, J.: Violin Concertos, Hob. VIIa: 1, 3, 4 (Hadelich)"
https://music.163.com/song?id=20090401,Zi-Zi's Journey,Lindsey Stirling,Lindsey Stirling
https://music.163.com/song?id=1501616,"Suite No. 1, BWV 1007, In G:Courante",Janos Starker,Bach: Suites for Solo Cello
https://music.163.com/song?id=406024467,Mozart : Sonata for Piano Duet in C major K521 : II Andante,Güher & Süher Pekinel,Mozart : Piano Works & Violin Sonatas
https://music.163.com/song?id=25295034,"Serenade in G K.525 ""Eine kleine Nachtmusik"":1. Allegro",Academy of St. Martin in the Fields,Ultimate Mozart: The Essential Masterpieces
https://music.163.com/song?id=1003876,Air,Aage Kvalbein,Til Trost
https://music.163.com/song?id=26090105,春之歌,Felix Mendelssohn,发烧古典珍藏 世界著名华尔兹
https://music.163.com/song?id=1698130,Dinner,马友友,Yo-Yo Ma Plays Ennio Morricone
https://music.163.com/song?id=29155245,"Serenade No. 13 in G major, K. 525, ""Eine kleine Nachtmusik"":I. Allegro",Sandor Vegh,Mozart: Serenades & Divertimenti
https://music.163.com/song?id=22530572,"La Traviata (highlights), ACT 2: Pura siccome un angelo...Non sapete quale affetto vio...Dite alla giovine",Aldo Ceccato,Verdi: La Traviata
https://music.163.com/song?id=1585937,Brandenburg Concerto No.3 In G BWV 1048:1. (Allegro),Hedwig Bilgram,J.S. Bach: Brandenburg Concertos Nos. 1 - 6 ・ Concertos BWV 1055 & 1060
https://music.163.com/song?id=36190693,"Zweiter Mephisto-Walzer ""Mephisto Waltz No.2"", S.515",Franz Liszt,"Liszt: The Complete Music for Solo Piano, Vol.1 - Waltzes"
https://music.163.com/song?id=1698069,Playing Love from The Legend of 1900,马友友,Yo-Yo Ma Plays Ennio Morricone
https://music.163.com/song?id=29150374,"Nocturne, Op.9 No. 2",Ophélie Gaillard,Dreams
https://music.163.com/song?id=5046025,Dietro Casa,Ludovico Einaudi,This Is England
https://music.163.com/song?id=5105895,The Four Seasons (Spring):1. Allegro,Antonio Vivaldi,100 Best Violin
https://music.163.com/song?id=484343995,I See It,MZ92,I See It
https://music.163.com/song?id=117235,"Nocturne,Op.9,No.1",李云迪,Portrait
https://music.163.com/song?id=1067998,"Bagatelle in A minor, WoO 59:""Für Elise""",Alfred Brendel,"Beethoven: Bagatelles Opp.33, 119 & 126; Für Elise; Rondo in C; Allegretto in C minor; Klavierstück in B flat"
https://music.163.com/song?id=25729598,念故乡 - “新世界交响曲”第二乐章,Antonín Dvo00ák,世界名曲 爱的梦
https://music.163.com/song?id=502455502,Piano Concerto No.1 in E minor Op.11:3. Rondo (Vivace),Claudio Arrau,Ultimate Piano Concertos
https://music.163.com/song?id=29293969,Requiem In D Minor K.626 - Instr. Franz Beyer (Ed. Kunzelmann):Dies irae (Sequenz),Leonard Bernstein,Mozart: Requiem
https://music.163.com/song?id=18565940,To a wild rose,Julian Lloyd Webber,Unexpected Songs
https://music.163.com/song?id=28481839,《塞维利亚理发师》快给忙人让路,G．Rossini,辰山曲目
https://music.163.com/song?id=5055353,"Suite No. 2 in B minor for Flute & Strings, BWV 1067:I. Overture (Instrumental)",Barrington Pheloung,Hilary And Jackie
https://music.163.com/song?id=1003880,Gjendines banlat,Iver Kleive,Til Trost
https://music.163.com/song?id=28592766,"Gabriel Fauré: Berceuse, Op.16",Pierre Amoyal,Fauré: Complete Works for Violin & Piano
https://music.163.com/song?id=25042954,"Canon and Gigue in D Major for 3 Violins and Continuo, P. 37:II. Gigue",Taverner Consort & Players,The Best of Baroque
https://music.163.com/song?id=27598898,Pathetique III,Cuba Percussion,Classic Meets Cuba
https://music.163.com/song?id=25042955,"Abdelazer or The Moor's Revenge, Z. 570:II. Rondeau",Andrew Parrott,The Best of Baroque
https://music.163.com/song?id=25901795,"Le nozze di Figaro, Overture K.492",Sir Colin Davis,Mozart: 3 Overtures / Serenades Nos. 9 & 13
https://music.163.com/song?id=1004124,V03RS01G,Aage Kvalbein,Sanger fra en cello
https://music.163.com/song?id=1410664,Rhapsody in Blue,George Gershwin,Manhattan
https://music.163.com/song?id=1644716,"Toccata and Fugue in D minor, BWV 565:Toccata",Karl Richter,Bach: Organ Works
https://music.163.com/song?id=2852194,"Concerto for 2 Violins, Strings, and Continuo in D minor, BWV 1043:2. Largo ma non tanto",Julia Fischer, Bach: Violin Concertos
https://music.163.com/song?id=5195111,Winter Light,Sarah Brightman,天籁美声2
https://music.163.com/song?id=31260307,Liebesleid,马友友,Yo-Yo Ma Impressions
https://music.163.com/song?id=29561577,Beloved,Michael Hoppé,Rarities Vol.1
https://music.163.com/song?id=1351687036,10. 岚山夜 - Take Me Away,废铁,Impression of Landscape
https://music.163.com/song?id=22455080,Capricho Arabe,Christopher Parkening,In The Spanish Style
https://music.163.com/song?id=2640823,Marching Through Georgia,Goldmund,Corduroy Road
https://music.163.com/song?id=500556094,Home Sweet Home,Wilma Lee & Stoney Cooper,"The Wilma Lee & Stoney Cooper Compilation, Vol. 2"
https://music.163.com/song?id=138917,西班牙斗牛士,欧翠峰,永恒的号角
https://music.163.com/song?id=28461167,Master Of Tides,Lindsey Stirling,Shatter Me
https://music.163.com/song?id=1402887802,莫札特：歌剧《魔笛》，「帕帕基诺想找个伴」,乔治．盖伯勒,温柔小天使
https://music.163.com/song?id=25936786,"A Midsummer Night's Dream, Incidental Music, Op.61, MWV M 13: No.3 Song with Chorus: ""Bunte Schlangen, zweigezüngt""",Kathleen Battle,Mendelssohn: A Midsummer Night's Dream
https://music.163.com/song?id=5259435,Sabre Dance,Aram Khachaturian,Supreme Stereo Sound Majesty
https://music.163.com/song?id=1489566,Theme From Schindler's List,John Williams,Schindler's List (Original Motion Picture Soundtrack)
https://music.163.com/song?id=26936848,"Norma, Act 1 - Scene 1:Sediziose voci",Vincenzo Salvatore Carmelo Francesco Bellini,Norma
https://music.163.com/song?id=28908573,"Tritsch-Tratsch, Op. 214",Wiener Philharmoniker,100 Best Wiener Philharmoniker
https://music.163.com/song?id=16261429,Sicilienne,Aage Kvalbein,Franske Mirakler
https://music.163.com/song?id=465833366,May it Be,2Cellos,Score
https://music.163.com/song?id=25480736,Arioso (Adagio in G) from Cantata BWV 156 (Arr. Lloyd Webber),Julian Lloyd Webber,Baroque Adagios
https://music.163.com/song?id=1501611,"Suite No. 1, BWV 1007, In G:Allemande",Janos Starker,Bach: Suites for Solo Cello
https://music.163.com/song?id=1699535,Libertango,马友友,Soul of the Tango
https://music.163.com/song?id=1902333535,"Turandot ""Nessun Dorma""",Grand Epic Orchestra London,"Greatest Classical Music Moments in Movies, Vol. 2"
https://music.163.com/song?id=25729687,"Piano Sonata No.8 In C Minor, Op.13 -""Pathétique"":1. Grave - Allegro di molto e con brio",Wilhelm Kempff,"Beethoven: Piano Sonatas Nos. 8, 14, 21 & 23"
https://music.163.com/song?id=5160803,维瓦尔第:《和谐的灵感》第八号-快板《一九七三年的弹子球》,Various Artists,村上春树的音乐异想世界
https://music.163.com/song?id=22279774,March in D K335/K20a (i) (1991 Digital Remaster),Daniel Barenboim,"Mozart: Symphonies Nos. 32, 35, 36, 40 & 41 etc."
https://music.163.com/song?id=22599496,Can Can,Harry Mortimer,Best Of Brass Bands
https://music.163.com/song?id=667131,"Piano Sonata No.9 in D, K.311:2. Andantino con espressione",内田光子,Mozart: The Piano Sonatas
https://music.163.com/song?id=465370936,"Keyboard Concerto in C Major, Hob.XVIII:5*:II. Andante",Helmut Müller-Brühl,"HAYDN, J.: Keyboard Concertos (Hoeren, Haugsand, Muller-Bruhl)"
https://music.163.com/song?id=28245309,Seveen,Otto A Totland,Pin00
https://music.163.com/song?id=26484066,Experience,Ludovico Einaudi,In A Time Lapse
https://music.163.com/song?id=18579063,Pan's Labyrinth Lullaby,Javier Navarrete,Pan's Labyrinth
https://music.163.com/song?id=5041139,Penser l'impossible,Solal,Mozart L'opera Rock (Complete Recording)
https://music.163.com/song?id=862109541,"Nr.3 Duetto:""Se Inclinassi A Prender Moglie"" (Aus-From L07Italiana In Algeri - Gioacchino Rossini)","Lindoro, Mustafa, Staatskapelle Dresden und der Chor der Staatsoper Dresden",L'italiana in Algeri-Gioacchino Rossini-Komische Oper in Drei Akten-Comic Opera in Two Acts Cd1
https://music.163.com/song?id=1003883,Eg veit i himmerik ei borg,Iver Kleive,Til Trost
https://music.163.com/song?id=461601183,ドヴォルザ`ク:交曲第9番《新世界より》 第3S章,佐渡 裕,ドヴォルザ`ク:交曲第9番《新世界より》
https://music.163.com/song?id=117240,"Nocturne,Op.9,No.2",李云迪,Portrait
https://music.163.com/song?id=1715939,"Sonata for 2 Pianos in D Major, K. 448:II. Andante",Murray Perahia,"Mozart: Sonata in D Major for Two Pianos & Schubert: Fantasia in F Minor for Piano, Four Hands, D. 940 (Op. 103) - Expanded Edition"
https://music.163.com/song?id=33739974,Romance For Violin And Orchestra No.2 In F Major Op.50,David Oistrakh,David Oistrakh: Violin Concertos (Historic Russian Archives)
https://music.163.com/song?id=36190694,"Valse oubliée No.3, S.215/3",Franz Liszt,"Liszt: The Complete Music for Solo Piano, Vol.1 - Waltzes"
https://music.163.com/song?id=1648643,Concerto Pour 2 Violons Et Orchestre A Cordes Op.3 N° 8 (Allegro),Angelicum de Milan,Intouchables (La Bande Originale du Film)
https://music.163.com/song?id=568801375,"Sehnsucht nach dem Frühlinge, K. 596",Etty van der Mei,In Praise of Mozart (Live)
https://music.163.com/song?id=667148,"Piano Sonata No.11 in A, K.331 -""Alla Turca"":3. Alla turca (Allegretto)",内田光子,Mozart: The Piano Sonatas
https://music.163.com/song?id=25042964,"Orchestral Suite No. 3 in D Major, BWV 1068:II. Air",English Chamber Orchestra,The Best of Baroque
https://music.163.com/song?id=1003876,Air,Aage Kvalbein,Til Trost
https://music.163.com/song?id=1491040,More Than Words - Piano/cello Cover,Jon Schmidt,More Than Words - Piano/cello Cover
https://music.163.com/song?id=19798725,"Concerto for Two Trumpets in C Major, RV. 537:I. Allegro",Wynton Marsalis,Classic Wynton
https://music.163.com/song?id=551440512,"Concerto for Clarinet and Orchestra in a Major, Kv. 622: II. Adagio",Ernst Ottensamer,Hannibal: Soundtrack Highlights Series 1 & 2
https://music.163.com/song?id=27471606,"Toccata and Fugue in D Minor, BWV 565:Toccata and Fugue in D Minor, BWV 565: Toccata",Wolfgang Rübsam,BACH (THE VERY BEST OF)
https://music.163.com/song?id=1213398,Fruhlingsstimmen' Op.410 - Walzer,Carlos Kleiber,New Year's Concert 1989
https://music.163.com/song?id=1644789,"Serenade In G, K.525 ""Eine kleine Nachtmusik"":1. Allegro",Karl B02hm,"Mozart: Eine kleine Nachtmusik; Serenatas notturna, ""Haffner"" & ""Posthorn"""
https://music.163.com/song?id=2852197,"Concerto for 2 Violins, Strings, and Continuo in D minor, BWV 1043:3. Allegro",Julia Fischer, Bach: Violin Concertos
https://music.163.com/song?id=1070991,Ruin,Adam Hurst,Ruin
https://music.163.com/song?id=5276807,悲怆奏鸣曲,Ludwig van Beethoven,史上最优美钢琴小品精华
https://music.163.com/song?id=22618517,Romance Anónimo,Manuel Barrueco,The Most Relaxing Guitar Album In The World... Ever!
https://music.163.com/song?id=39324895,3 Gymnopédies:Gymnopedie No. 1 (Lent et douloureux),Erik Satie,Hannibal Soundtrack (Music Inspired by the TV Series)
https://music.163.com/song?id=5195113,You Raise Me Up,Becky Taylor,天籁美声2
https://music.163.com/song?id=1501622,"Suite No. 1, BWV 1007, In G:Sarabande",Janos Starker,Bach: Suites for Solo Cello
https://music.163.com/song?id=18565935,Serenade,Julian Lloyd Webber,Unexpected Songs
https://music.163.com/song?id=402063272,"Brahms: Wiegenlied, Op.49, No.4",Johannes Brahms,Brahms at Bedtime
https://music.163.com/song?id=2909282,"Cantata No. 51, 'Jauchzet Gott in allen Landen,' BWV 51 (BC A134): No 4, (Chorale) Sei Lob Und Preis Mit Ehren. Allelujah.",Kathleen Battle,Baroque Duet
https://music.163.com/song?id=504329461,"25 Preludes dans tous les tons majeurs et mineurs, Op. 31: No. 1 Lentement",Laurent Martin,ALKAN: Railway (The) / Preludes / Etudes / Esquisses
https://music.163.com/song?id=3025352,Transcendence,Lindsey Stirling,Lindsey Stomp - EP
https://music.163.com/song?id=27256783,"Xerxes, HWV 40:Largo (''Ombra mai fu'')",Shigeo Genda,The 99 Most Essential Pieces of Classical Music
https://music.163.com/song?id=1458643,"Symphony No. 5 in C Minor, Op. 67:I. Allegro con brio",Herbert von Karajan,Beethoven: The 9 Symphonies
https://music.163.com/song?id=1892480001,雾色花园,废铁,Themes and Piano
https://music.163.com/song?id=25892489,阿玛蒂斯:G大调第13号小夜曲/莫扎特,Wolfgang Amadeus Mozart,OSCAR电影中的古典
https://music.163.com/song?id=1698130,Dinner,马友友,Yo-Yo Ma Plays Ennio Morricone
https://music.163.com/song?id=5169887,"Mozart: Symphony No.40 in G minor, K. 550",Wolfgang Amadeus Mozart,Heat Is On 2006
https://music.163.com/song?id=34274307,维瓦尔第: 四季・春 - 第一乐章 快板,中国国家交响乐团,名家室内乐专辑2
https://music.163.com/song?id=16171278,Waltz No.2,André Rieu,Strauss & Co
https://music.163.com/song?id=1003950,Himlen I Min Famn,Iver Kleive,Julemeditasjoner
https://music.163.com/song?id=27546749,"Symphony No. 40 in G minor, K. 550:IV. Allegro assai",Carlo Maria Giulini,Mozart: Symphonies Nos. 40 & 41 ''Jupiter''
https://music.163.com/song?id=5169896,"Eine Kleine Nachtmusik, K.525: Allegro",Wolfgang Amadeus Mozart,Heat Is On 2006
https://music.163.com/song?id=449217832,"Serenade No. 6 in D, K. 239 (""Serenata notturna""):Menuetto",Pinchas Zukerman,Israel Philharmonic Orchestra 60th Anniversary Gala Concert
https://music.163.com/song?id=1902335042,"Romeo and Juliet, Op. 64, Act I:""Dance Of The Knights""",RTS Symphony Orchestra,"Greatest Classical Music Moments in Movies, Vol. 2"
https://music.163.com/song?id=1070865,Lament,Adam Hurst,Elegy
https://music.163.com/song?id=565586964,"Concerto Grosso in B minor, Op. 6, No. 12: II. Allegro",Oliver von Dohnanyi,H01ndel Concerto Grosso No. 12
https://music.163.com/song?id=522354237,Enter,Otto A Totland,The Lost
https://music.163.com/song?id=445153375,Exit Music (For a Film),Ramin Djawadi,Westworld: Season 1 (Music from the HBO Series)
https://music.163.com/song?id=25935293,Concerto No. 10 in G major RV300:2. Largo cantabile,Antonio Vivaldi,Vivaldi The Masterworks
https://music.163.com/song?id=1649681,TARANTELLA,Ludovico Einaudi,Αλεξ04νδρεια
https://music.163.com/song?id=5041140,La chanson de l'aubergiste,Merwan Rim,Mozart L'opera Rock (Complete Recording)
https://music.163.com/song?id=1003887,Tema fra Adagio,Iver Kleive,Til Trost
https://music.163.com/song?id=3816510,Idaspe :Qual guerriero in campo armato,Vivica Genaux,Arias for Farinelli
https://music.163.com/song?id=5206512,"Piano Concerto No.21 in C Major, K.467:2. Andante",Various Artists,Romantic Piano Adagios
https://music.163.com/song?id=461601184,ドヴォルザ`ク:交曲第9番《新世界より》 第4S章,佐渡 裕,ドヴォルザ`ク:交曲第9番《新世界より》
https://music.163.com/song?id=1220315,Salut D'amour,David Garrett,Classic Romance
https://music.163.com/song?id=1926546,"Piano Concerto No. 4 in G Major, Op. 58:I. Allegro moderato",Rudolf Serkin,"BEETHOVEN, L. van: Piano Concertos Nos. 1-5 / Choral Fantasy (R. Serkin, Bavarian Radio and Symphony Chorus and Orchestra, R. Kubelik)"
https://music.163.com/song?id=36190695,"Dritter Mephisto-Walzer ""Mephisto Waltz No.3"", S.216",Franz Liszt,"Liszt: The Complete Music for Solo Piano, Vol.1 - Waltzes"
https://music.163.com/song?id=5051131,"Suite for Solo Cello No. 1 in G, BWV 1007: I. Prélude",马友友,Master and Commander: The Far Side of the World [SOUNDTRACK]
https://music.163.com/song?id=403840160,"Symphony No.3 in E flat, Op.55 -""Eroica"":2. Marcia funebre (Adagio assai)",Berliner Philharmoniker,"Beethoven: Symphony No.3 ""Eroica"""
https://music.163.com/song?id=1003950,Himlen I Min Famn,Iver Kleive,Julemeditasjoner
https://music.163.com/song?id=27808138,Waltz in E Minor (For Cello),Yiruma,Blind Film
https://music.163.com/song?id=25042956,"Keyboard Suite No. 4 in D Minor, HWV 437:III. Sarabande (Orch. Hale)",Academy of St. Martin in the Fields,The Best of Baroque
https://music.163.com/song?id=1501606,"Suite No. 1, BWV 1007, In G:Prelude",Janos Starker,Bach: Suites for Solo Cello
https://music.163.com/song?id=1778976,Prelude in C major BWV 846,Maurizio Pollini,Bach: The Well-Tempered Clavier I 
https://music.163.com/song?id=1501606,"Suite No. 1, BWV 1007, In G:Prelude",Janos Starker,Bach: Suites for Solo Cello
https://music.163.com/song?id=1992751,"Lead, Kindly Light",Steven Sharp Nelson,Tender Mercies: the Sacred Cello Series
https://music.163.com/song?id=34338114,"Эй, ухнем!",俄罗斯军队模范亚历山德罗夫红旗歌舞团,The Best Of The Red Army Choir
https://music.163.com/song?id=1607055,"Introduction and Tarantella, Op. 43",James Ehnes,Wieniawski / Sarasate: Violin Showpieces
https://music.163.com/song?id=26500538,The Parting,Michael Hoppé,Grace
https://music.163.com/song?id=82359,"Andantino In E Flat, K236",傅聪,莫扎特钢琴作品集
https://music.163.com/song?id=27471606,"Toccata and Fugue in D Minor, BWV 565:Toccata and Fugue in D Minor, BWV 565: Toccata",Wolfgang Rübsam,BACH (THE VERY BEST OF)
https://music.163.com/song?id=1834598,Choro No. 1,Pepe Romero,Guitar Hits With Passion
https://music.163.com/song?id=29547466,"Alla Turca Jazz, Op. 5/b",Fazil Say,Say Plays Say
https://music.163.com/song?id=27256825,"The Messiah, HWV 56:Hallelujah Chorus",David Parry,The 99 Most Essential Pieces of Classical Music
https://music.163.com/song?id=1073846,"Sonata In F Major, Walsh, Op.1 No.12: I. Adagio",Richard Egarr,Handel: Complete Violin Sonatas
https://music.163.com/song?id=477745662,"Orchestral Suite No. 3 in D Major, BWV 1068: II. Air",马友友,Yo-Yo Ma Plays Bach
https://music.163.com/song?id=28461164,Ascendance,Lindsey Stirling,Shatter Me
https://music.163.com/song?id=500014,Opus,坂本一,BTTB
https://music.163.com/song?id=27256825,"The Messiah, HWV 56:Hallelujah Chorus",David Parry,The 99 Most Essential Pieces of Classical Music
https://music.163.com/song?id=21513706,"Orfeo ed Euridice, Act I, Scene 2: Che disse? Che ascoltai? (Orfeo)",Riccardo Muti,Gluck: Orfeo ed Euridice
https://music.163.com/song?id=5195123,Haja O Que Houver,圣母合唱团,天籁美声2
https://music.163.com/song?id=31260307,Liebesleid,马友友,Yo-Yo Ma Impressions
https://music.163.com/song?id=2101829,"Symphony No. 9 in D Minor, Op. 125, ""Choral"":IV. Presto: O Freunde, nicht diese Tone! - Freude schoner Gotterfunken",Elisabeth Schwarzkopf,"BEETHOVEN, L.: Symphony No. 9, ""Choral"" (Schwarzkopf, H02ngen, Hopf, Edelmann, Bayreuth Festival Chorus and Orchestra, Furtw01ngler) (1951)"
https://music.163.com/song?id=25892492,走出非洲:A大调单簧管协奏曲/莫扎特,Peter Maag,OSCAR电影中的古典
https://music.163.com/song?id=464705506,Guillaume Tell (William Tell) (arr. for wind ensemble):Guillaume Tell (William Tell): Overture (arr. for wind ensemble),The President's Own United States Marine Band,Tunes From 'Toons
https://music.163.com/song?id=27540401,Hungarian Dance No.5 in G Minor,Martynas,Martynas
https://music.163.com/song?id=5259426,"Symphony No.40,Mvt.3",Wolfgang Amadeus Mozart,Supreme Stereo Sound Majesty
https://music.163.com/song?id=5276810,少女的祈祷,Various Artists,史上最优美钢琴小品精华
https://music.163.com/song?id=1004124,V03RS01G,Aage Kvalbein,Sanger fra en cello
https://music.163.com/song?id=27540409,"Piano Sonata No.11 In A, K.331:Alla Turca- Rondo alla Turca (Arr. Martynas & Haywood)",Martynas,Martynas
https://music.163.com/song?id=29005604,"Come, Sweet May",Sky,Mozart
https://music.163.com/song?id=30031809,Menuett aus Divertimento D-dur KV334,Arthur Grumiaux,Favorite Violin Pieces
https://music.163.com/song?id=1905374344,"Transcendental Etude, S. 139: No. 3 in F Major, Paysage",Volkan 00ztürk,Liszt's Heaven
https://music.163.com/song?id=29150363,La fille aux cheveux de lin,Ophélie Gaillard,Dreams
https://music.163.com/song?id=554148178,"The Four Seasons: Summer - Concerto No. 2 in G Minor, RV 315: III. Presto","Felix Ayo, I Musici",The Four Seasons
https://music.163.com/song?id=27698864,La Donna Romantica,Ennio Morricone,The Grandmaster (Original Score)
https://music.163.com/song?id=562362123,2 Arabesques: Arabesque No. 1,Martin Jacoby,100 Relaxing Classics for Reading
https://music.163.com/song?id=1003891,Blott en dag,Iver Kleive,Til Trost
https://music.163.com/song?id=1091083,ice,Brian Crain,Piano Opus
https://music.163.com/song?id=222803,炫境,常思思,炫境
https://music.163.com/song?id=31721178,"4 Impromptus, Op. 142, D. 935:No. 2 in A flat major",Wilhelm Kempff,Brahms: 4 Ballades; Intermezzos / Schumann: Piano Sonata No.2 / Schubert: Piano Sonata D566; Impromptu D935 No.2
https://music.163.com/song?id=5041141,Le trublion,Mikelangelo Loconte,Mozart L'opera Rock (Complete Recording)
https://music.163.com/song?id=20952203,I Giorni,Ludovico Einaudi,I Giorni
https://music.163.com/song?id=22501584,Four Romantic Pieces B150 (Op. 75):I. Allegro moderato,Itzhak Perlman,Dvorak / Smetana: Violin Works
https://music.163.com/song?id=26500531,Moonflower,Michael Hoppé,Grace
https://music.163.com/song?id=5355193,"Boléro, M.81",Pierre Boulez,Ravel: Boléro; Ma Mère L'Oye
https://music.163.com/song?id=16261429,Sicilienne,Aage Kvalbein,Franske Mirakler
https://music.163.com/song?id=27599301,"Vivaldi: Allegro (Concerto Op.3;No.10 ""L'Estro Armonico)",Various Artists,Liberal Arts (Original Motion Picture Soundtrack)
https://music.163.com/song?id=2866060,Elegie in C Minor Op. 24,Jacqueline du Pré,Jacqueline du Pré: The Complete EMI Recordings
https://music.163.com/song?id=1699965,"Cello Concerto No. 1 in C Major, Hob. VIIb:1: II. Adagio",马友友,Haydn: Cello Concertos (Remastered)
https://music.163.com/song?id=36190696,"Valse oubliée No.4, S.215/4",Franz Liszt,"Liszt: The Complete Music for Solo Piano, Vol.1 - Waltzes"
https://music.163.com/song?id=25042963,"Herz und Mund und Tat und Leben, BWV 147:No. 10, Choral. ""Jesus bleibet meine Freude""",Andrew Parrott,The Best of Baroque
https://music.163.com/song?id=26883021,"Jesu, Joy Of Man's Desiring",Johann Sebastian Bach,The Greatest Hits
https://music.163.com/song?id=1501611,"Suite No. 1, BWV 1007, In G:Allemande",Janos Starker,Bach: Suites for Solo Cello
https://music.163.com/song?id=356580,天鹅,高志坚,面对面.大提琴VS吉他
https://music.163.com/song?id=26012231,"Prelude in B minor, BWV 855a",Hamish Milne,"Bach: Piano Transcriptions, Vol. 5 C Goedicke, Kabalevsky, Catoire & Siloti"
https://music.163.com/song?id=467681670,"Cello Suite No. 1 in G Major, BWV 1007:VI. Gigue",Mstislav Rostropovich,Bach: Suites for Solo Cello Nos 1 - 6
https://music.163.com/song?id=27087060,Carmen Suite No. 2:III. Nocturne,Royal Philharmonic Orchestra,Bizet: Carmen Suites 1 & 2; Grieg: Gynt Suites 1 & 2
https://music.163.com/song?id=22209127,Old folks at home,Itzhak Perlman,Itzhak Perlman's Greatest Hits
https://music.163.com/song?id=5164943,Waltz No.6 in D Flat Op.64 No.1:Minute,Vladimir Ashkenazy,Ultimate Piano Classics
https://music.163.com/song?id=667069,"Piano Sonata No.1 in C, K.279:2. Andante",内田光子,Mozart: The Piano Sonatas
https://music.163.com/song?id=18279043,Carmen / Act 1:Prélude,Berliner Philharmoniker,Bizet: L'Arlésienne Suites Nos.1 & 2; Carmen Suite
https://music.163.com/song?id=419250357,The Arena,Lindsey Stirling,The Arena
https://music.163.com/song?id=29544059,"Album für die Jugend:No. 5 (""Stchen"") for piano in C major, Op. 68/44",Robert Schumann,"Schumann: Album for the Young, Op. 68"
https://music.163.com/song?id=29104331,Nocturne No.2 Op.9/2,Eugen Cicero Trio,Chopinderful!: Chopin Meets Jazz
https://music.163.com/song?id=1421557694,goldfish.,URii,goldfish.
https://music.163.com/song?id=40143031,"Préludes, Book I, L. 117: VIII. La fille aux cheveux de lin",Dame Moura Lympany,PIANO
https://music.163.com/song?id=27222216,"Variations On A Theme Of Mozart, Op. 9",John Williams,Masters of the Guitar
https://music.163.com/song?id=5057458,"Air -Suite No. 3 In D Major, Bwv 1068",Johann Sebastian Bach,Se7en: Original Motion Picture Soundtrack
https://music.163.com/song?id=1650296,Dalla: Caruso,Luciano Pavarotti,Luciano Pavarotti - The Essential Pavarotti - A Selection Of His Greatest Recordings
https://music.163.com/song?id=154487,永恒的誓约 ,谭盾,卧虎藏龙 电影原声带
https://music.163.com/song?id=29734058,Rinaldo / Act 3:Aria: Sorge nel petto,Christopher Hogwood,Handel: Rinaldo - complete opera (Original 1711 Version) HWV7a (3CDs)
https://music.163.com/song?id=1145380,Clair de Lune (from Suite Bergamasque),Kun Woo Paik,The Very Best of Debussy
https://music.163.com/song?id=27540404,"Carlos Gardel, Alfredo Le Pera: Por Una Cabeza",Martynas,Martynas
https://music.163.com/song?id=1146770,Auld Lang Syne,Charlie Landsborough,The Greatest Gift
https://music.163.com/song?id=138919,土耳其进行曲,欧翠峰,永恒的号角
https://music.163.com/song?id=5259429,4 Allegro con fuoco,群星,Supreme Stereo Sound Majesty
https://music.163.com/song?id=1003873,Jag har hort om en stad ovan malnen,Iver Kleive,Til Trost
https://music.163.com/song?id=26090119,溜冰圆舞曲,Various Artists,发烧古典珍藏 世界著名华尔兹
https://music.163.com/song?id=25294987,Symphony No.40 in G minor K.550:1. Molto allegro,Sir Georg Solti,Ultimate Mozart: The Essential Masterpieces
https://music.163.com/song?id=5052701,"Symphony No. 25 in G Minor, K. 183:1st Movement (As Used in the Film,",Neville Marriner,Amadeus
https://music.163.com/song?id=27876662,Silent Night,The Piano Guys,A Family Christmas
https://music.163.com/song?id=27471609,"Cello Suite No. 1 in G Major, BWV 1007:I. Prelude",Alexander Rudin,BACH (THE VERY BEST OF)
https://music.163.com/song?id=1905610253,Milonga Sin Palabras (Arr. para Flauta e Piano),James Strauss,Piazzolla's Dream
https://music.163.com/song?id=26734831,"Symphony No. 10 in G Major, K. 74:3. Allegro",Berliner Philharmoniker,Mozart: The Symphonies
https://music.163.com/song?id=1003894,Etter en drom,Iver Kleive,Til Trost
https://music.163.com/song?id=27949064,Schubert -Trio In E Flat Op.100,Franz Schubert,最新热歌慢摇17
https://music.163.com/song?id=1463342763,Hidden Waltz,小村晶,Hidden Waltz
https://music.163.com/song?id=36242093,Zigeuner-Epos S695b:No.2 in C major: Andantino,Franz Liszt,"Liszt:The Complete Music for Solo Piano, Vol.58 - New Discoveries, Vol.1"
https://music.163.com/song?id=25961663,Nessun Dorma,Luciano Pavarotti,Carreras ・ Domingo ・ Pavarotti: The Three Tenors in Concert
https://music.163.com/song?id=5276818,小星星变奏曲,Wolfgang Amadeus Mozart,史上最优美钢琴小品精华
https://music.163.com/song?id=20952200,In Un'Altra Vita,Ludovico Einaudi,I Giorni
https://music.163.com/song?id=22319192,3 Old Viennese Dances:I. Liebesfreud (Allegro),Franz Rupp,Kreisler plays Kreisler
https://music.163.com/song?id=32737605,"Le Carnaval des Animaux, R. 125:Le Cygne (Arr. Palmer)",Julian Lloyd Webber,Ultimate Cello Classics: The Essential Masterpieces
https://music.163.com/song?id=1003873,Jag har hort om en stad ovan malnen,Iver Kleive,Til Trost
https://music.163.com/song?id=679637,Liange,Anoice,Remmings
https://music.163.com/song?id=5052459,Trio En Mi Bemol Majeur Opus 100 D 929,Schubert,La pianiste (The Piano Teacher)
https://music.163.com/song?id=1300560339,"Concierto No. 1 para piano y orquesta in B-Flat Minor, Op. 23: I. Allegro non troppo e molto maestoso - Allegro con spirito",Orquesta Filarmónica de Alemania,"Tchaikovsky: Piano Concierto No. 1, Op. 23"
https://music.163.com/song?id=2123686,"Le quattro stagioni (The Four Seasons), Concerto No. 1 in E Major, RV 269, 'La primavera': I. Allegro",Anne-Sophie Mutter,Vivaldi: The Four Seasons
https://music.163.com/song?id=25042967,"Brandenburg Concerto No. 2 in F Major, BWV 1047:II. Andante",Mark Bennett,The Best of Baroque
https://music.163.com/song?id=29844440,"peace, again",|浦由,TVアニメ「ソ`ドア`ト99オンラインII」オリジナルサウンドトラック Vol.1
https://music.163.com/song?id=1699968,"Cello Concerto No. 1 in C Major, Hob. VIIb:1: IIIa. Allegro molto",马友友,Haydn: Cello Concertos (Remastered)
https://music.163.com/song?id=1501616,"Suite No. 1, BWV 1007, In G:Courante",Janos Starker,Bach: Suites for Solo Cello
https://music.163.com/song?id=22501584,Four Romantic Pieces B150 (Op. 75):I. Allegro moderato,Itzhak Perlman,Dvorak / Smetana: Violin Works
https://music.163.com/song?id=36190697,"Vierter Mephisto-Walzer ""Mephisto Waltz No.4"", S.696",Franz Liszt,"Liszt: The Complete Music for Solo Piano, Vol.1 - Waltzes"
https://music.163.com/song?id=3578449,"Swan Lake, Op. 20: Act 1 - No. 5.Pas de deux:I. Tempo di valse ma non troppo vivo, quasi moderato",London Symphony Orchestra,Tchaikovsky: Swan Lake
https://music.163.com/song?id=27202681,Moonlight Sonata,Ludwig van Beethoven,A Selection of Classical Highlights from The Great Composers
https://music.163.com/song?id=117341,"Nocturne No.20 In C Sharp Minor,Op.Posth",李云迪,Encores
https://music.163.com/song?id=467681669,"Cello Suite No. 1 in G Major, BWV 1007:V. Menuet II - Menuet I",Mstislav Rostropovich,Bach: Suites for Solo Cello Nos 1 - 6
https://music.163.com/song?id=22483837,Les Patineurs - valse [Op. 183] (2005 Digital Remaster),Herbert von Karajan,100 Best Karajan
https://music.163.com/song?id=1213366,"Tritsch-Tratsch Polka, Op. 214",Carlos Kleiber,New Year's Concert 1992
https://music.163.com/song?id=28461163,Take Flight,Lindsey Stirling,Shatter Me
https://music.163.com/song?id=26818412,24 Préludes Op.28:4. In E Minor,Martha Argerich,Chopin: Favourite Piano Pieces
https://music.163.com/song?id=1458729,"Symphony No. 9 in D Minor, Op. 125 - ""Choral"":V. Presto- ""O Freunde, nicht diese T?ne!-Allegro assai",Herbert von Karajan,Beethoven: The 9 Symphonies
https://music.163.com/song?id=1428746590,新海诚的雨,WR-锐,新海诚的雨
https://music.163.com/song?id=28749294,"Nocturne No.19 In E Minor, Op.72 No.1",Maria Joao Pires,Complete Solo Recordings - The Maria Jo00o Pires Collection I
https://music.163.com/song?id=18671425,La catedral,John Williams,The Ultimate Guitar Collection
https://music.163.com/song?id=5126682,River Of Light,Faryl Smith,The Best Of The Classical Brits
https://music.163.com/song?id=22517186,"Harpsichord Concerto No. 2 in E Major, BWV 1053:I. ―",Bob van Asperen,"Bach: Harpsichord Concertos, BWV 1052-1059"
https://music.163.com/song?id=28344479,Csárdás,Edgar Moreau,Play - Works for Cello and Piano
https://music.163.com/song?id=18277481,Also sprach Zarathustra Op.30 TrV 176:Prelude (Sonnenaufgang),Berliner Philharmoniker,"Strauss, R.: Also sprach Zarathustra; Till Eulenspiegel; Don Juan; Salome's Dance Of The Seven Veils"
https://music.163.com/song?id=1473534,"Violin Concerto In E Minor, Op. 64:I Allegro molto appassionato",Isaac Stern,Tchaikovsky & Mendelssohn: Violin Concertos
https://music.163.com/song?id=4002488,小步舞曲―包凯利尼 Minuet/ Boccherini,Craig Owen and Greg Scot,决斗-Duel
https://music.163.com/song?id=29099236,"Die Walküre, Akt III:Vorspiel",Wiener Philharmoniker,Sommernachtskonzert 2013 (Summer Night Concert 2013) [Live]
https://music.163.com/song?id=1003891,Blott en dag,Iver Kleive,Til Trost
https://music.163.com/song?id=18527863,An Der Sch02nen Blauen Donau Op.314 (Edit),James Last And His Orchestra,Eighty Not Out
https://music.163.com/song?id=29829090,四小天鹅舞,群星,天鹅湖 [世界古典音乐经典曲]
https://music.163.com/song?id=444389578,Old Macdonald Had A Farm,kidsongs,Teddy Bear Garden Nursery Rhymes
https://music.163.com/song?id=22330988,"Sicilienne, Op. 78 (1997 Digital Remaster)",Pierre Fournier,Icon: Pierre Fournier
https://music.163.com/song?id=1897504151,Wiener Praterleben,Wiener Walzer Solisten,Music of Vienna
https://music.163.com/song?id=22409157,"Symphony No. 25 in G Minor, K. 183:I. Allegro con brio (Excerpt)",Various Artists,50 Best Mozart
https://music.163.com/song?id=29734022,Rinaldo / Act 1:Aria: Cor ingrato,Christopher Hogwood,Handel: Rinaldo - complete opera (Original 1711 Version) HWV7a (3CDs)
https://music.163.com/song?id=27182195,Carmen Suite No. 2:Chanson du Toréador: Allegro moderato** (Act II),Leonard Bernstein,Bernstein Century - Bizet: Carmen Suites & L'Arlésienne Suites
https://music.163.com/song?id=29561577,Beloved,Michael Hoppé,Rarities Vol.1
https://music.163.com/song?id=1003898,"I himmelen, i himmelen",Iver Kleive,Til Trost
https://music.163.com/song?id=33638508,"Orchestral Suite No. 2 in B minor, BWV 1067: VI.Badinerie",Herbert von Karajan,Karajan - Complete Recordings on Deutsche Grammophon (Vol. 2.5 1959-1965)
https://music.163.com/song?id=470759019,As She Passes,Levi Patel,Of Sleep and Time
https://music.163.com/song?id=667120,"Piano Sonata No.8 in A minor, K.310:1. Allegro maestoso",内田光子,Mozart: The Piano Sonatas
https://music.163.com/song?id=97968,旋律,黄蒙拉,Violin Showpieces
https://music.163.com/song?id=1487200067,"Von Himmel hoch, da komm' ich her, BWV 606",Wolfgang Rubsam,Bach: A Musical Genius
https://music.163.com/song?id=20952207,Quel Che Resta,Ludovico Einaudi,I Giorni
https://music.163.com/song?id=1003891,Blott en dag,Iver Kleive,Til Trost
https://music.163.com/song?id=5041142,Bim Bam Boum,Melissa Mars,Mozart L'opera Rock (Complete Recording)
https://music.163.com/song?id=22319191,3 Old Viennese Dances for Violin and Piano:II. Liebesleid (Tempo di L01ndler),Franz Rupp,Kreisler plays Kreisler
https://music.163.com/song?id=1992705,More Than Words,Steven Sharp Nelson,The Piano Guys: Hits Volume 1
https://music.163.com/song?id=1501776,"Grave, from the Style of W.F. Bach",Janos Starker,Starker Encore Album
https://music.163.com/song?id=1418454,Quartet No. 1 in D - The Ground Hog,Bruce Duvok,GROUNDHOG DAY: Music From The Original Motion Picture Soundtrack
https://music.163.com/song?id=25042960,"Water Music Suite No. 1, HWV 348:Bourrée",London Classical Players,The Best of Baroque
https://music.163.com/song?id=25936922,"Piano Concerto in A minor, Op.54:I. Allegro affettuoso",Radu Lupu,Grieg / Schumann: Piano Concertos
https://music.163.com/song?id=2123708,"The Four Seasons, Concerto No. 2 in G Minor, RV 315 (Op. 8 No. 2) 'L'estate': III. Presto",Anne-Sophie Mutter,Vivaldi: The Four Seasons
https://music.163.com/song?id=455311723,"The Well-Tempered Clavier, Book 1:No 2 in C minor, BWV847. Movement 2 - Fugue",Angela Hewitt,Bach: The Well-tempered Clavier
https://music.163.com/song?id=467681668,"Cello Suite No. 1 in G Major, BWV 1007:V. Menuet I",Mstislav Rostropovich,Bach: Suites for Solo Cello Nos 1 - 6
https://music.163.com/song?id=115055,"Piano Sonata No.10 In C Major, K.330:2. Andante cantabile",郎朗,Memory
https://music.163.com/song?id=29334584,"Piano Sonata No.14 In C Sharp Minor, Op.27 No.2 -""Moonlight"" - 3. Presto agitato",Emil Gilels,"Beethoven: Piano Sonatas Nos.8 ""Pathétique"", 13 & 14 ""Moonlight"""
https://music.163.com/song?id=5220537,"Waltz in A flat, Op.39 No.15",Johannes Brahms,The Best Ever Piano Classics
https://music.163.com/song?id=24453844,"Serenade No.2 in A, Op.16:4. Quasi menuetto - Trio",István Kertész,Most Essential Classical Chill Out Music
https://music.163.com/song?id=36190698,"L01ndler, S.211",Franz Liszt,"Liszt: The Complete Music for Solo Piano, Vol.1 - Waltzes"
https://music.163.com/song?id=1501622,"Suite No. 1, BWV 1007, In G:Sarabande",Janos Starker,Bach: Suites for Solo Cello
https://music.163.com/song?id=26217671,Tre Volte Miagola La Gatta In Fregola,Giuseppe Verdi,Macbeth
https://music.163.com/song?id=20090402,Crystallize,Lindsey Stirling,Lindsey Stirling
https://music.163.com/song?id=411494957,"Fantasie-impromptu in C-Sharp Minor, Op. 66 No. 4",Arthur Rubinstein,Chopin: 8 Polonaises - 4 Impromptus
https://music.163.com/song?id=22759971,Salut D'Amour (Edward Elgar),}本裕基,Piano Affection (Memory of Love)
https://music.163.com/song?id=1649886,Di Capua: 'O Sole Mio,Luciano Pavarotti,Pavarotti & Friends 2
https://music.163.com/song?id=406346476,Cradle Song,Johannes Brahms,The Top 100 Masterpieces of Classical Music
https://music.163.com/song?id=1003876,Air,Aage Kvalbein,Til Trost
https://music.163.com/song?id=27471609,"Cello Suite No. 1 in G Major, BWV 1007:I. Prelude",Alexander Rudin,BACH (THE VERY BEST OF)
https://music.163.com/song?id=1591833,Lagrima (Prelude),Julian Bream,Julian Bream Edition Vol.11: Romantic Guitart
https://music.163.com/song?id=82254,意乱情迷,范宗沛,意外的温柔
https://music.163.com/song?id=1650283,"Flotow: Martha / Act 3 - ""M'appari""",Luciano Pavarotti,Luciano Pavarotti - The Essential Pavarotti - A Selection Of His Greatest Recordings
https://music.163.com/song?id=1325856,Chopin 00Notturno03,Eugen Cicero,Jazz meets Classic
https://music.163.com/song?id=1458647,"Symphony No. 5 in C Minor, Op. 67:II. Andante con moto",Herbert von Karajan,Beethoven: The 9 Symphonies
https://music.163.com/song?id=39517016,"Apres Un Reve, Op. 7, No. 1",欧阳娜娜,15
https://music.163.com/song?id=1003883,Eg veit i himmerik ei borg,Iver Kleive,Til Trost
https://music.163.com/song?id=5272918,苏佩《轻骑兵》序曲(选自轻骑兵序曲HRP7156-2,群星,雨果发烧碟5
https://music.163.com/song?id=25813882,“1812”序曲 15,Oregon Symphony,Tchaikovsky Overture 1812
https://music.163.com/song?id=5259431,"Colas Breugnon,Op.24:Overture",Дми07трий Бори07сович Кабале07вский,Supreme Stereo Sound Majesty
https://music.163.com/song?id=5276811,蓝色多瑙河,Johann Strauss II,史上最优美钢琴小品精华
https://music.163.com/song?id=2866057,Song without Words in D Op.109,Jacqueline du Pré,Jacqueline du Pré: The Complete EMI Recordings
https://music.163.com/song?id=5164943,Waltz No.6 in D Flat Op.64 No.1:Minute,Vladimir Ashkenazy,Ultimate Piano Classics
https://music.163.com/song?id=22409159,"Symphony No. 35 in D Major, K. 385, ""Haffner"":IV. Finale (Presto)",Various Artists,50 Best Mozart
https://music.163.com/song?id=441359,"Departures -memory- (From ""Departures"" Soundtrack)",久石j,Departures (Original Motion Picture Soundtrack)
https://music.163.com/song?id=21513702,"Orfeo ed Euridice, Act I, Scene 1: Chiamo il mio ben così (Orfeo)",Riccardo Muti,Gluck: Orfeo ed Euridice
https://music.163.com/song?id=1003902,Ave Maria,Iver Kleive,Til Trost
https://music.163.com/song?id=1683267,March of the Toreadors from Carmen Suite No. 1,Leonard Bernstein,Grandes Marches
https://music.163.com/song?id=1895498516,"La damnation de Faust, Op. 24, H 111, Pt. 1:Marche hongroise",Wiener Philharmoniker,"Furtw01ngler Conducts Furtw01ngler, Strauss, Bruckner & Berlioz"
https://music.163.com/song?id=1489497838,"Six Pieces, Op. 51, TH 143:6. Valse sentimentale. Tempo di Valse",Daniel Lozakovich,Tchaikovsky Cosy Moments
https://music.163.com/song?id=2283006,Forest Hymn,Bill Douglas,A Place Called Morning
https://music.163.com/song?id=554149020,"The Four Seasons: Spring - Concerto No. 1 in E Major, RV 269: I. Allegro",Felix Ayo & I Musici,The Four Seasons
https://music.163.com/song?id=470736153,A Careful Tearing,Levi Patel,Of Sleep and Time
https://music.163.com/song?id=1497455,Mozart: Concerto For Clarinet And Orchestra In A (K. 622),John Barry,Out of Africa [MCA Original Score]
https://music.163.com/song?id=5041143,Ah! Vous dirais-je maman,Claire Perot,Mozart L'opera Rock (Complete Recording)
https://music.163.com/song?id=1003922,Eg ser,Iver Kleive,Til Trost
https://music.163.com/song?id=36226134,"Liebestr01ume - 3 Notturnos für das Pianoforte S.541:O lieb, so lang du lieben kannst!",Leslie Howard,"Liszt: The Complete Music for Solo Piano, Vol.19 - Liebestr01ume & the Songbooks"
https://music.163.com/song?id=20768947,Three Preludes:II. Andante con moto e poco rubato,马友友,Made in America
https://music.163.com/song?id=20952120,Divenire,Ludovico Einaudi,Divenire
https://music.163.com/song?id=418209,エジプトk掘 オ`プニング99テ`マ ~チェロ99ソロ~,池m,NHKスペシャル エジプトk掘 オリジナルサウンドトラック
https://music.163.com/song?id=25042961,"Te Deum in D Major, H. 146:I. Prelude. Marche en rondeau",Choeurs et Orchestre des Arts Florissants,The Best of Baroque
https://music.163.com/song?id=1690717,German Dance No.1 In C-Major,Leonard Rosenman,Barry Lyndon
https://music.163.com/song?id=559334151,"String Sextet No. 2 in G Major, Op. 36: I. Allegro non troppo",Mandelring Quartett,Brahms: Complete String Sextets
https://music.163.com/song?id=2123723,"The Four Seasons, Concerto No. 3 in F, RV 293 (Op.8 No. 3) 'L'autunno': III. Allegro",Anne-Sophie Mutter,Vivaldi: The Four Seasons
https://music.163.com/song?id=1374348,Variations on the Kanon By Pachelbel,George Winston,George Winston: Seasons in Concert
https://music.163.com/song?id=467681667,"Cello Suite No. 1 in G Major, BWV 1007:IV. Sarabande",Mstislav Rostropovich,Bach: Suites for Solo Cello Nos 1 - 6
https://music.163.com/song?id=82359,"Andantino In E Flat, K236",傅聪,莫扎特钢琴作品集
https://music.163.com/song?id=36297634,"Serenade in C for string trio, Op.10 : Romanza",English Sinfonia,Dohnányi: Violin Concerto No. 2; American Rhapsody; Wedding Waltz; Harp Concertino etc
https://music.163.com/song?id=36190699,"Albumblatt in Walzerform, S.166",Franz Liszt,"Liszt: The Complete Music for Solo Piano, Vol.1 - Waltzes"
https://music.163.com/song?id=455311803,"The Well-Tempered Clavier, Book 2:No 18 in G sharp minor, BWV887. Movement",Angela Hewitt,Bach: The Well-tempered Clavier
https://music.163.com/song?id=26090133,拿波里舞曲 第二幕第13首,Pyotr Ilyich Tchaikovsky,金色大厅中的柴可夫斯基
https://music.163.com/song?id=1501628,"Suite No. 1, BWV 1007, In G:Menuet 1 & 2",Janos Starker,Bach: Suites for Solo Cello
https://music.163.com/song?id=1220372,He's a Pirate (Pirates of the Caribbean theme),David Garrett,David Garrett
https://music.163.com/song?id=5164972,Lieder ohne Worte Op.62:No.6 Allegretto grazioso in A Major -Frühlingslied (Spring Song),András Schiff,Ultimate Piano Classics
https://music.163.com/song?id=27708291,"Waltz No.11 in G Flat, Op.70 No.1",Claudio Arrau,Chopin: 19 Waltzes
https://music.163.com/song?id=472859878,Das Land des L?chelns / Act 1:Freunderl mach' dir nix d'raus,Ingeborg Hallstein,Franz Lehár: Das Land des L01chelns
https://music.163.com/song?id=22509940,Anchors Aweigh,The Band Of HM Royal Marines,The Very Best Of The Royal Marines
https://music.163.com/song?id=26731550,William Tell Overture,Rossini,100% Classics - The Cream Of The Classics
https://music.163.com/song?id=1003880,Gjendines banlat,Iver Kleive,Til Trost
https://music.163.com/song?id=26883017,"Air For The ""G"" String",Johann Sebastian Bach,The Greatest Hits
https://music.163.com/song?id=1591836,Three Mazurkas:Adelita,Julian Bream,Julian Bream Edition Vol.11: Romantic Guitart
https://music.163.com/song?id=32737613,"Ave Maria, CG 89a",Julian Lloyd Webber,Ultimate Cello Classics: The Essential Masterpieces
https://music.163.com/song?id=1458651,"Symphony No. 5 in C Minor, Op. 67:III. Allegro",Herbert von Karajan,Beethoven: The 9 Symphonies
https://music.163.com/song?id=472148640,"Keyboard Sonata In D Minor, Kk.1",Ivo Pogorelich,100 Piano Masterworks
https://music.163.com/song?id=17802288,J. Strauss: River Of Light (The Blue Danube),Faryl Smith,Faryl
https://music.163.com/song?id=465097723,"Mendelssohn - Lieder, S547/R217 (7 Lieder from Mendelssohn, Op, 19a, 34, 47):Mendelssohn - Auf Flugeln des Gesanges (On Wings of Song) (from Op. 34, No. 2), S547/R217, No. 1",Péter Nagy,PAVANE - Classical Favourites for Relaxing and Dreaming
https://music.163.com/song?id=1003922,Eg ser,Iver Kleive,Til Trost
https://music.163.com/song?id=5276818,小星星变奏曲,Wolfgang Amadeus Mozart,史上最优美钢琴小品精华
https://music.163.com/song?id=5280311,经典古典乐I,群星,金耳朵
https://music.163.com/song?id=25813883,降B小调第一钢琴协奏曲作品第23号 20,Oregon Symphony,Tchaikovsky Overture 1812
https://music.163.com/song?id=26090122,杜鹃圆舞曲,Various Artists,发烧古典珍藏 世界著名华尔兹
https://music.163.com/song?id=35760064,"Frühlingsstimmen, Walzer, op. 410",Carl Michalski,Das gro08e Strauss-Festival - Melodien aus dem Land von Sissy
https://music.163.com/song?id=28122927,"Piano Concerto No.19 In F, K.459:1. Allegro Vivace - Cadenza: Wolfgang Amadeus Mozart",Maurizio Pollini,Mozart: Piano Concertos Nos. 23 & 19
https://music.163.com/song?id=20952124,Primavera,Ludovico Einaudi,Divenire
https://music.163.com/song?id=22457232,"Le Carnaval des Animaux, R. 125:XIII. Le cygne (Andantino grazioso) [arr. for Orchestra & Cello]",Various Artists,50 Best Romantic Classics
https://music.163.com/song?id=1003907,O bli hos meg,Iver Kleive,Til Trost
https://music.163.com/song?id=473317241,"Bluebeard's Castle Sz. 48 (Op.11):Door 5. ""Ah!"" ""Lásdez az én birodalmam""",Sylvia Sass,"Bluebeard's Castle, Sz. 48 (Op.11)"
https://music.163.com/song?id=2866236,"Song without Words, Op.109 (1995 Remastered Version)",Jacqueline du Pré,The Very Best of Jacqueline du Pré
https://music.163.com/song?id=1487200049,"Aria mit 30 Ver01nderungen, BWV 988 ""Goldberg Variations"" - Arranged for Harp by Catrin Finch:Var. 19 a 1 Clav.",Catrin Finch,Bach: A Musical Genius
https://music.163.com/song?id=32737610,The Tale Of Tsar Saltan:The Flight of the Bumble-Bee (Arr. Palmer),Julian Lloyd Webber,Ultimate Cello Classics: The Essential Masterpieces
https://music.163.com/song?id=1892681489,Sonata K. 2 n. 2 in do maggiore: I. Presto,Claudio Ferrarini,Domenico Scarlatti: 2 Sonate trasposte K. 1 & K. 2
https://music.163.com/song?id=426303219,1995,07lafur Arnalds,Island Songs
https://music.163.com/song?id=461811172,Caricola: Wandering Atoms,Marco Caricola,Innerfin
https://music.163.com/song?id=1003883,Eg veit i himmerik ei borg,Iver Kleive,Til Trost
https://music.163.com/song?id=27900332,Clarinet Quintet in A Major K581:II.Larghetto,J02rg Widmann,Mozart: Clarinet Quintet K581 & String Quartet K421
https://music.163.com/song?id=36226133,Liebestr01ume - 3 Notturnos für das Pianoforte S.541:Seliger Tod,Leslie Howard,"Liszt: The Complete Music for Solo Piano, Vol.19 - Liebestr01ume & the Songbooks"
https://music.163.com/song?id=20952124,Primavera,Ludovico Einaudi,Divenire
https://music.163.com/song?id=472962635,"Il re pastore K.208 / Act 2:""Barbaro! oh Dio mi vedi divisa dal mio ben""",Academy of St. Martin in the Fields,"Lo sposo deluso, K.430"
https://music.163.com/song?id=142371,The Music of the Night (Webber),秦立巍,Cello
https://music.163.com/song?id=25042966,"Brandenburg Concerto No. 2 in F Major, BWV 1047:I. ―",Mark Bennett,The Best of Baroque
https://music.163.com/song?id=5040736,Quartet for Strings and Piano in a Minor,Prazak Quartet,Shutter Island [Music From The Motion Picture]
https://music.163.com/song?id=128163,离别曲,Frédéric Fran04ois Chopin,竖琴独奏
https://music.163.com/song?id=2123698,"Violin Concerto in F Minor, RV 297, ""L'inverno"" (from ""Il cimento dell'armonia e dell'inventione"", Op. 8, No. 4): III. Allegro",Anne-Sophie Mutter,Vivaldi: The Four Seasons
https://music.163.com/song?id=467681666,"Cello Suite No. 1 in G Major, BWV 1007:III. Courante",Mstislav Rostropovich,Bach: Suites for Solo Cello Nos 1 - 6
https://music.163.com/song?id=5132756,"Serenade for Strings, Op.48:II. Walzer",Pyotr Ilyich Tchaikovsky,McIntosh Audiophile Test Reference
https://music.163.com/song?id=2987797,Songs My Mother Taught Me,London Philharmonic Orchestra,The London Violin Sound
https://music.163.com/song?id=464821461,"Violin Concerto No. 2 in D Minor, Op. 2:III. Alla Polacca",Christiane Edinger,SPOHR: Violin Concertos Nos. 2 and 9
https://music.163.com/song?id=28150938,"Partita for Flute in A Minor, BWV 1013: I. Allemande",Rachel Podger,Guardian Angel
https://music.163.com/song?id=36190700,"Valse-Impromptu, S.213",Franz Liszt,"Liszt: The Complete Music for Solo Piano, Vol.1 - Waltzes"
https://music.163.com/song?id=24913063,"Delibes: Lakmé / Act 1 - Viens, Mallika, ... D00me épais (Flower Duet)",Richard Bonynge,Ultimate Classical Dreams
https://music.163.com/song?id=5164962,Waltz No.1 in E Flat Op.18:Grande valse brillante,Vladimir Ashkenazy,Ultimate Piano Classics
https://music.163.com/song?id=28631313,"Mozart: The Magic Flute, Queen of the Night - Aria N° 14",Edda Moser,Murmurs of Earth
https://music.163.com/song?id=1501634,"Suite No. 1, BWV 1007, In G:Gigue",Janos Starker,Bach: Suites for Solo Cello
https://music.163.com/song?id=561340003,"Piano Trio in B-Flat Major, Op. 97 ""Archduke"": III. Andante Cantabile Ma Però Con Moto, Attacca",Bamberg Trio,Relaxing Classical Music to Help You Study
https://music.163.com/song?id=27864120,Yankee Doodle,Paralyzed Veterans of America,Americana Traditional Favorites
https://music.163.com/song?id=1003883,Eg veit i himmerik ei borg,Iver Kleive,Til Trost
https://music.163.com/song?id=29803725,"Piano Sonata No.1 in G major Hob.XVI, 8:I Allegro",Rudolf Buchbinder,Haydn Edition Volume 3 - Piano Sonatas [Complete]
https://music.163.com/song?id=406346452,Fur Elise,Ludwig van Beethoven,The Top 100 Masterpieces of Classical Music
https://music.163.com/song?id=1458654,"Symphony No. 5 in C Minor, Op. 67:IV. Allegro",Herbert von Karajan,Beethoven: The 9 Symphonies
https://music.163.com/song?id=25725025,5 Preludes:No. 1 In E Minor,Narciso Yepes,Heitor Villa-Lobos:Guitar Concerto
https://music.163.com/song?id=1003894,Etter en drom,Iver Kleive,Til Trost
https://music.163.com/song?id=1826677,Arianna,Paul Schwartz,Aria 2: New Horizon
https://music.163.com/song?id=5259499,Auf Flugeln Des Gesanges,Felix Mendelssohn,EUROPEAN NIGHT
https://music.163.com/song?id=5264803,Denon Hi-Fi,群星,惠威试音碟1
https://music.163.com/song?id=25830162,G大调小步舞曲,Ludwig van Beethoven,世界著名交响乐团演奏的古典音乐系列之一 世界著名抒情音乐小品
https://music.163.com/song?id=22283459,"Papageno Aria 20 from ""The Magic Flute""",Lovely,Mozart: The Mozart Lovely Songs For Babies
https://music.163.com/song?id=1296886,Minuet in G,David Hoffman,Recital
https://music.163.com/song?id=180278,贝多芬：献给爱丽丝,尤大淳,世界钢琴名曲精选 少女的祈祷
https://music.163.com/song?id=28786231,walt,菅野よう子,残のテロル オリジナル99サウンドトラック
https://music.163.com/song?id=35470841,悲 (ピアノ99ソナタ第8番《悲怼~第2S章より),峡谡,yours;Gift
https://music.163.com/song?id=405372194,The Irish Washerwoman,Erich Kunzel,A Celtic Spectacular
https://music.163.com/song?id=2866080,Fantasiestücke Op.73:I. Zart und mit Ausdruck,Jacqueline du Pré,Jacqueline du Pré: The Complete EMI Recordings
https://music.163.com/song?id=22292991,"Pelléas et Mélisande (1999 Digital Remaster), Act One, Scene Three: Il fait sombre dans les jardins (Mélisande/Geneviève/Pelléas)",Soloists ,Debussy: Pelléas et Mélisande
https://music.163.com/song?id=480613566,Ella's Dance,Paddy Mulcahy,Tape Sketches
https://music.163.com/song?id=1489496563,"18 Morceaux, Op.72:12. L'espiègle",Mikhail Pletnev,Tchaikovsky Cosy Moments
https://music.163.com/song?id=428599561,"Pomp and Circumstance Marches, Op. 39: No. 1 in D Major",Carl Davis,The Last Night of the Proms: The Ultimate Collection
https://music.163.com/song?id=1003880,Gjendines banlat,Iver Kleive,Til Trost
https://music.163.com/song?id=25042954,"Canon and Gigue in D Major for 3 Violins and Continuo, P. 37:II. Gigue",Taverner Consort & Players,The Best of Baroque
https://music.163.com/song?id=36226132,Liebestr01ume - 3 Notturnos für das Pianoforte S.541:Hohe Liebe,Leslie Howard,"Liszt: The Complete Music for Solo Piano, Vol.19 - Liebestr01ume & the Songbooks"
https://music.163.com/song?id=5276818,小星星变奏曲,Wolfgang Amadeus Mozart,史上最优美钢琴小品精华
https://music.163.com/song?id=27605572,L笛cQ琴f奏曲 C大{ K.299第二氛滦⌒邪,Various Artists, 胎教音-生命的律
https://music.163.com/song?id=26734831,"Symphony No. 10 in G Major, K. 74:3. Allegro",Berliner Philharmoniker,Mozart: The Symphonies
https://music.163.com/song?id=1892606935,Dance Party Playlist: Courante III,Matthew Peterson,The Art Of The Saxophone
https://music.163.com/song?id=2074866,"Kinderszenen, Op.15:7. Tr01umerei",Vladimir Horowitz,Horowitz In Moscow (DG Centenary Edition - 1986)
https://music.163.com/song?id=31152707,"Allegro from ""Concerto for Lute, 2 Violins and Continuo in D, RV. 93""",New London Consort,While We're Young (Original Soundtrack Album)
https://music.163.com/song?id=24177037,"Serenade in E minor for String Orchestra, Op.20:2. Larghetto",Neville Marriner,50 Reasons To Love Classical
https://music.163.com/song?id=28631319,"Bach: The Well-Tempered Clavier: Book 2, Prelude and Fugue in C N° 1",Glenn Gould,Murmurs of Earth
https://music.163.com/song?id=36190701,"Valse mélancolique, S.214/2",Franz Liszt,"Liszt: The Complete Music for Solo Piano, Vol.1 - Waltzes"
https://music.163.com/song?id=490318322,The Merry Widow Waltz,Lawrence Welk,Buck The Trend
https://music.163.com/song?id=225043,鹪鹩(小鸟)(意),迪里拜尔,20世纪中华歌坛名人百集珍藏版
https://music.163.com/song?id=32681043,"24 Préludes, Op.28:24. In D Minor",Martha Argerich,Chopin: Preludes; Sonata No.2
https://music.163.com/song?id=1003887,Tema fra Adagio,Iver Kleive,Til Trost
https://music.163.com/song?id=25042966,"Brandenburg Concerto No. 2 in F Major, BWV 1047:I. ―",Mark Bennett,The Best of Baroque
https://music.163.com/song?id=27227266,"Carmen, WD 31:Overture (Prelude)",London Symphony Orchestra,Bizet: Carmen (3 CD's)
https://music.163.com/song?id=21183199,"Kinderszenen, Op.15:7. Tr01umerei",Martha Argerich,The Art of Martha Argerich
https://music.163.com/song?id=1650313,"Denza: Funiculì, funiculà",Luciano Pavarotti,Luciano Pavarotti - The Essential Pavarotti - A Selection Of His Greatest Recordings
https://music.163.com/song?id=1049224,Espa09a Cani,André Rieu,The 100 Most Beautiful Melodies (6 CD Box Set)
https://music.163.com/song?id=5251165,Wedding March,Richard Wagner,超完美婚礼
https://music.163.com/song?id=19016180,"Homenaje, 'Le Tombeau de Claude Debussy'",Simon Dinnigan,Favourite Guitar Works
https://music.163.com/song?id=1468421875,Minuet in G (Bach),Charles Segal,Classical Melodies for Easy Listening
